<?xml version="1.0" encoding="UTF-8"?>
<project-private xmlns="http://www.netbeans.org/ns/project-private/1">
    <editor-bookmarks xmlns="http://www.netbeans.org/ns/editor-bookmarks/2" lastBookmarkId="0"/>
    <open-files xmlns="http://www.netbeans.org/ns/projectui-open-files/2">
        <group>
            <file>file:/C:/Users/tampe/SynologyDrive/BioPark/Connect/Connect%2001%20-%20fullstack/Programação%20Orientada%20a%20Objetos/Sistema%20Vendas%20(Resolvido)/src/br/com/sistema/view/FrmLogin.java</file>
            <file>file:/C:/Users/tampe/SynologyDrive/BioPark/Connect/Connect%2001%20-%20fullstack/Programação%20Orientada%20a%20Objetos/Sistema%20Vendas%20(Resolvido)/src/br/com/sistema/view/Frmmenu.java</file>
            <file>file:/C:/Users/tampe/SynologyDrive/BioPark/Connect/Connect%2001%20-%20fullstack/Programação%20Orientada%20a%20Objetos/Sistema%20Vendas%20(Resolvido)/src/br/com/sistema/dao/ClientesDAO.java</file>
            <file>file:/C:/Users/tampe/SynologyDrive/BioPark/Connect/Connect%2001%20-%20fullstack/Programação%20Orientada%20a%20Objetos/Sistema%20Vendas%20(Resolvido)/src/br/com/sistema/view/FrmDetalheVenda.java</file>
            <file>file:/C:/Users/tampe/SynologyDrive/BioPark/Connect/Connect%2001%20-%20fullstack/Programação%20Orientada%20a%20Objetos/Sistema%20Vendas%20(Resolvido)/src/br/com/sistema/view/Frmclientes.java</file>
            <file>file:/C:/Users/tampe/SynologyDrive/BioPark/Connect/Connect%2001%20-%20fullstack/Programação%20Orientada%20a%20Objetos/Sistema%20Vendas%20(Resolvido)/src/br/com/sistema/view/FrmEstoque.java</file>
        </group>
    </open-files>
</project-private>
